index,name,location,id,year,seq
0,A/ah/1/2005,ah,1,2005,DQICIGYHANNSTEQVDTIMEKNVTVTHAQDILEKTHNGKLCDLDGVKPLILRDCSVAGWLLGNPMCDEFINVPEWSYIVEKANPANDLCYPGNFNDYEELKHLLSRINHFEKIQIIPKSSWSDHEASSGVSSACPYQGTPSFFRNVVWLIKKNNTYPTIKRSYNNTNQEDLLILWGIHHSNDAAEQTKLYQNPTTYISVGTSTLNQRLVPKIATRSKLNGQSGRMDFFWTILKPNDAINFESNGNFIAPEYAYKIVKKGDSAIMKSEVEYGNCNTKCQTPIGAINSSMPFHNIHPLTIGECPKYVKSNKLVLATGL
1,A/ah/1/2006,ah,1,2006,DQICIGYHANNSTEQVDTIMEKNVTVTHAQDILEKTHNGKLCDLDGVKPLILRDCSVAGWLLGNPMCDEFINVPEWSYIVEKANPANDLCYPGNFNDYEELKHLLSRINHFEKIQIIPKSSWSDHEASSGVSSACPYQGTPSFFRNVVWLIKKNNTYPTIKRSYNNTNQEDLLILWGIHHSNDAAEQTKLYQNPTTYISVGTSTLNQRLVPKIATRSKVNGQSGRMDFFWTILKPNDAINFESNGNFIAPEYAYKIVKKGDSAIVKSEVEYGNCNTKCQTPIGAINSSMPFHNIHPLTIGECPKYVKSNKLVLATGL
2,A/cq/s1049/2014,cq,s1049,2014,DQICIGYHANNSTEQVDTIMEKNVTVTHAQDILEKTHNGKLCDLNGVKPLILKDCSVAGWLLGNPMCDEFIRVPEWSYIVERANPANDLCYPGNLNDYEELKHLLSRINHFEKILIIPKSSWTNHETSLGVSAACPYQGTPSFFRNVVWLIKKNDAYPTIKISYNNTNQEDLLILWGVHHSNNAAEQTNLYKNPTTYISVGTSTLNQRLVPKIATRSQVNGQRGRMDFFWTILKPNDAIHFESNGNFIAPEYAYKIVKKGDSTIMKSEVEYGHCNTKCQTPIGAINSSMPFHNIHPLTIGECPKYVKSNKLVLATGL
3,A/fj/s1424/2020,fj,s1424,2020,DQICIGYHANNSTEQVDTIMEKNVTVTHAQDILEKTHNGKLCDLNGVKPLILKNCSVAGWLLGNPMCDEFISVPEWSYIVERANPANDLCYPGNLNDYEELKHLLSRINHFEKTQIIPKESWSNH-TTSGVSAACPYQGVASFFRNVVWLTKKNETYPTIKKSYNNTNKEDLLILWGIHHSNSVEEQTDLYKNPTTYVSVGTSTLNQRLVPKIATRSQVNGQRGRMDFFWTILRPNDAIHFGSNGNFIAPEYAYKIIKTGDSTIMKSEIEYGDCNSKCQTPIGAINSSMPFHNIHPLTIGECPKYVKSNKLVLATGL
4,A/gd/1/1996,gd,1,1996,DQICIGYHANNSTEQVDTIMEKNVTVTHAQDILEKTHNGKLCDLNGVKPLILRDCSVAGWLLGNPMCDEFINVPEWSYIVEKASPANDLCYPGDFNDYEELKHLLSRTNHFEKIQIIPKSSWSNHDASSGVSSACPYHGRSSFFRNVVWLIKKNSAYPTIKRSYNNTNQEDLLVLWGIHHPNDAAEQTKLYQNPTTYISVGTSTLNQRLVPEIATRPKVNGQSGRMEFFWTILKPNDAINFESNGNFIAPEYAYKIVKKGDSAIMKSELEYGNCNTKCQTPMGAINSSMPFHNIHPLTIGECPKYVKSNRLVLATGL
5,A/gd/s1322/2010,gd,s1322,2010,DQICIGYHANNSTEQVDTIMEKNVTVTHAQDILEKTHNGKLCDLDGVKPLILRDCSVAGWLLGNPMCDEFIDVPEWSYIVEKANPANDLCYPGNFNDYEELKHLLSRINHFEKIRIIPKDSWPDHEASLGVSAACSYQGNSSFFRNVVWLLKKDNAYPIIKKSYNNTNKEDLLVLWGIHHPNDEAEQTRLYQNPTTYVSIGTSTLNQRLVPRIATRSKVNGQSGRIDFFWTILKPNDAINFESNGNFIAPEYAYKIVKKGDSTIMRSEVEYGNCSTRCQTPMGAINSSMPFHNIHPLTIGECPKYVKSNKLVLATGL
6,A/gz/07/2008,gz,07,2008,DQICIGYHANNSTEQVDTIMEKNVTVTHAQDILEKTHNGKLCDLDGVKPLILKDCSVAGWLLGNPMCDEFINVPEWSYIVEKANPANDLCYPGNFNDYEELKHLLSRINHFEKIQIIPKSSWSDHEASSGVSSACPYQGTPSFFRNVVWLIKKNNTYPTIKRSYNNTNQEDLLILWGIHHSNDAAEQTRLYQNPTTYISVGTSTLNQRLVPKIATRSKVNGQSGRMDFFWTILKPNDAINFESNGNFIAPEYAYKIVKKGDSAIMKSEVEYGNCNTKCQTPIGAINSSMPFHNIHPLTIGECPKYVKSNKLVLATGL
7,A/gz/08/2008,gz,08,2008,DQICIGYHANNSTEQVDTIMEKNVTVTHAQDILEKTHNGKLCDLDGVKPLILKDCSVAGWLLGNPMCDEFINVPEWSYIVEKANLANDLCYPGNFNDYEELKHLLSRINHFEKIQIIPKSSWSDHEASSGVSSACPYQGTPSFFRNVVWLIKKNNTYPTIKRSYNNTNQEDLLILWGIHHSNDAAEQTRLYQNPTTYISVGTSTLNQRLVPKIATRSKVNGQSGRMDFFWTILKPNDAINFESNGNLIAPEYAYKIVKKGDSAIMKSEVEYGNCNTKCQTLIGAINSSMPFHNIHPLTIGECPKYVKSNKLVLATGL
8,A/gz/4/2013,gz,4,2013,DQICIGYHANNSTEQVDTIMEKNVTVTHAQDILEKTHNGRLCDLNGVKPLILKDCSVAGWLLGNPMCDEFIRVPEWSYIVERANPSNDLCYPGNLNDYEELKHLLSRINHFEKTLIIPKSSWPDHDTSLGVSAACPYQGMPSFFRNVVWLIKKNDTYPTIKMSYNNTNREDLLILWGIHHSNNAAEQTNLYKNPTTYVSVGTSTLNQRLVPKIATRSQVNGQRGRMDFFWTILKPNDAIHFESNGNFIAPEYAYKIVKKGDSTIMKSEMEYGHCNTKCQTPIGAINSSMPFHNIHPLTIGECPKYVKSNKLVLATGL
9,A/gz/60/2005,gz,60,2005,DQICIGYHANNSTEQVDTIMEKNVTVTHAQDILEKTHNGKLCDLDGVKPLILRDCSVAGWLLGNPMCDEFINVPEWSYIVEKANPANDLCYPGNFNDYEELKHLLSRINHFEKIQIIPKSSWSDHEASSGVSSACPYQGTPSFFRNVVWLIKKNNTYPTIKRSYNNTNQEDLLILWGIHHSNDAAEQTKLYQNPTTYISVGTSTLNQRLVPKIATRSKVNGQSGRMDFFWTILKPNDAINFESNGNFIAPEYAYKIVKKGDSAIMKSEVEYGNCNTKCQTPIGAINSSMPFHNIHPLTIGECPKYVKSNKLVLATGL
10,A/gz/s4184/2017,gz,s4184,2017,DQICIGYHANNSTEQVDTIMEKNVTVTHAQDILEKTHNGKLCDLNGVKPLILKDCSVAGWLLGNPMCDEFIRVPEWSYIVERANPSNDLCYPGNLNDYEELKHLLSRINHFEKTQIIPKRSWSNH-TSSGVSAACPYQGVASFFRNVVWLTKKNDAYPTIKMSYNNTNKEDLLILWGIHHSNSAEEQTNLYKNPTTYVSVGTSTLNQRLVPKIATRSQVNGQRGRMDFFWTILRPNDAIHFESNGNFIAPEYAYKIIKTGDSTIMKSEIEYGNCNTKCQTPIGAINSSMPFHNIHPLTIGECPKYVKSNKLVLATGL
11,A/hun/1/2016,hun,1,2016,DQICIGYHANNSTEQVDTIMEKNVTVTHAQDILEKTHNGRLCDLNGVKPLILKDCSVAGWLLGNPMCDEFIRVPEWSYIVERANPANDLCYPGNLNDYEELKHLLSRINHFEKTLIIPKSSWPNHETSLGVSAACPYQGMPSFFRNVVWLTKKNDAYPTIKMSYNNTNREDLLILWGIHHPNNEAEQASIYKNPTTYVSVGTSTLNQRLVPKIATRSQVNGQRGRMDFFWTILKSNDAIHFESNGNFIAPEYAYKIVKKGDSTIMKSEIEYGYCNTKCQTPIGAINSSMPFHNIHPLTIGECPKYVKSNKLVLATGL
12,A/hun/6/2015,hun,6,2015,DQICIGYHANNSTEQVDTIMEKNVTVTHAQDILEKTHNGRLCDLNGVKPLILKDCSVAGWLLGNPMCDEFIRVPEWSYIVERANPANDLCYPGNLNDYEELKHLLSRINHFEKTLIIPKSSWPNHETSLGVSAACPYQGMPSFFRNVVWLTKKNDAYPTIKMSYNNTNREDLLILWGIHHSNNAAEQTNLYKNPTTYVSVGTATLNQRLVPKIATRSQVNGQRGRMDFFWTILKPNDAIHFESNGNFIAPEYAYKIVKKGDSTIMKSEMEYGHCNTKCQTPIGAINSSMPFHNIHPLTIGECPKYVKSNKLVLATGL
13,A/hun/69/2004,hun,69,2004,DQICIGYHANNSTEQVDTIMEKNVTVTHAQDILEKTHNGKLCDLDGVKPLILRDCSVAGWLLGNPMCDEFINVPEWSYIVEKANPANDLCYPGNFNDYEELKHLLSRINHFEKIRIIPKSSWSDHEASSGVSSACPYQGKSSFFRNVVWLIKKNNAYPTIKRSYNNTNQEDLLVLWGIHHPNDAAEQTKLYQNPTTYISVGTSTLNQRLVPKIATRSKVNGQSGRMDFFWTILKPNDAINFESNGNFIAPEYAYKIVKKGDSAIMKSEVEYGNCNTKCQTPMGAINSSMPFHNIHPLTIGECPKYVKSNKLVLATGL
14,A/hun/70/2004,hun,70,2004,DQICIGYHANNSTEQVDTIMEKNVTVTHAQDILEKTHNGKLCDLDGVKPLILRDCSVAGWLLGNPMCDEFINVPEWSYIVEKANPANDLCYPGNFNDYEELKHLLSRINHFEKIQIIPKSSWSDHEASSGVSSACPYQGNSSFFRNVVWLIKKNNAYPTIKRSYNNTNQEDLLVLWGIHHSNDAAEQTRLYQNPTTYISVGTSTLNQRLVPKIATRSKVNGQSGRMDFFWTILKPNDAINFESNGNFIAPEYAYKIVKKGDSAIMKSEVEYGNCNTKCQTPMGAINSSMPFHNIHPLTIGECPKYVKSNKLVLATGL
15,A/hun/s12238/2013,hun,s12238,2013,DHICIGYHANNSTEQVDTIMEKNVTVTHAQDILEKTHNGKLCDLNGVKPLILKDCSVAGWLLGNPLCDEFTNVPEWSYIVEKANPANDLCYPGNFNDYEELKHLLSRINHFEKIQIIPKDSWSDHEASLGVSAACSYQGNSSFFRNVVWLIKKDNAYPTIKKGYNNTNREDLLILWGIHHPNDEAEQTRLYQNPTTYISIGTSTLNQRLVPKIATRSKINGQSGRIDFFWTILKPNDAIHFESNGNFIAPEYAYKIVKKGDSTIMRSEVEYGNCNTRCQTPIGAINSSMPFHNIHPLTIGECPKYVKSNKLVLATGL
16,A/js/4/2012,js,4,2012,DHICIGYHANNSTEQVDTIMEKNVTVTHAQDILEKTHNGKLCDLNGVKPLILKDCSVAGWLLGNPMCDEFINVPEWSYIVEKANPANDLCYPGNFNDYEELKHLLSRINHFEKIQIIPKDSWSDHEASLGVSAACPYQGNSSFFRNVVWLIKKDNAYPTIKKGYNNTNQEDLLVLWGIHHPNNEAEQIKLYQNPTTYISIGTSTLNQKLVPKIATRSKINGQSGRIDFFWTILKPNDAIHFESNGNFIAPEYAYKIVKKGDSTIMKSEVEYGNCNTRCQTPIGAINSSMPFHNIHPLTIGECPKYVKSNKLVLATGL
17,A/jx/5/2016,jx,5,2016,DQICIGYHANNSTEQVDTIMEKNVTVTHAQDILEKTHNGKLCDLNGVKPLILKDCSVAGWLLGNPMCDEFIRVPEWSYIVERANPANDLCYPGNLNDYEELKHLLSRINHFEKTLIIPKSSWPNH-TSSGVSAACPYLGKPSFFRNVVWLTKKNDAYPTIKMSYNNTNREDLLILWGIHHSNNAEEQTNLYKNPTTYVSVGTSTLNQRVVPKIATRSQVNGQSGRMDFFWTILKPDDAIHFESNGNFIAPEYAYKIVKKGDSTIMKSEMEYGNCNTKCQTPIGAINSSMPFHNIHPLTIGECPKYVKSNKLVLATGL
18,A/ln/s4092/2011,ln,s4092,2011,DQICIGYHANNSTEQVDTIMEKNVTVTHAQDILEKTHNGKLCNLDGVKPLILEDCSVAGWLLGNPMCDKFLNVSEWSYIVEKASPANGLCYPGDFNDYEELKHLLSRINHFEKIEIIPKSHWSNHNTS-GVSSACSYLENPSFFRNVVWLTKKNNTYPPIKVNYTNANQKDLLVLWGIHHPNNEAEQKMIYQTLNTYVSVGTSTLNQRLVPKIATRSKVNGQSGRIDFFWTILKPNDTINFDSNGNFIAPKYAYKIVKKGDSAIMKSELEYGHCNTKCQTPIGAINSSMPFHNIHPLTIGECPKYVKSNRLILATGL
19,A/ln/sd007/2017,ln,sd007,2017,DHICIGYHANNSTEQVDTIMEKNVTVTHAKDILEKTHNGKLCDLNGVKPLILKDCSVAGWLLGNPLCDEFTNVPEWSYIVEKANPANDLCYPGNFNDYEELKHLLSRINHFEKIQIIPKDSWSDHEASLGVSAACSYQGNSSFFRNVVWLIKKDNAYPTIKKSYNNTNREDLLILWGIHHPNDEAEQTKLYQNPTTYISIGTSTLNQRLVPKIATRSKINGQSGRIDFFWTILKPNDAIHFESNGNFIAPEYAYKIVKKGDSTIMRSEVEYGNCNTRCQTPIGAINSSMPFHNIHPLTIGECPKYVKSNKLVLATGL
20,A/sx/2/2006,sx,2,2006,DQICVGYHANNSTEQVDTIMEKNVTVTHAQDILEKTHNGKLCNLDGVKPLILKDCSVAGWLLGNPMCDEFLNVSEWSYIVEKASPANGLCYPGDFNDYEELKHLLSRINHFEKIKIIPKSSWSNHEAS-GVSSACSYLGKPSFFRNLVWLIKKNNTYPPIKVNYTNTNQEDLLVLWGIHHPNDETEQVKIYQNPTTYISVGTSTLNQRLVPKIATRSKVNGQSGRMEFFWTILKPNDAINFDSNGNFIAPEYAYKIVKKGDSAIMKSELEYGNCNTKCQTPMGAINSSMPFHNIHPLTIGECPKYVKSNRLVLATGL
21,A/sx/4-1/2020,sx,4-1,2020,DQICIGYHANNSTEQVDTIMEKNVTVTHAQDILEKTHNGKLCDLNGVKPLILKDCSVAGWLLGNPMCDEFIRVPEWSYIVERANPANDLCYPGSLNDYEELKHLLSRINHFEKILIIPKSSWPNHETSLGVSAACPYQGAPSFFRNVVWLIKKNDAYPTIKISYNNTNREDLLILWGIHHSNNAEEQINLYKNPTTYISVGTSTLNQRLVPKIATRSQVNGQRGRMDFFWTILKPDDAIHFESNGNFIAPEYAYKIVKKGDSTIMKSGVEYGHCNTKCQTPVGAINSSMPFHNIHPLTIGECPKYVKSNKLVLATGL
22,A/zj/s1327/2016,zj,s1327,2016,DQICIGYHANNSTKQVDTIMEKNVTVTHAQDILEKTHNGKLCDLNGVKPLILKDCSVAGWLLGNPMCDEFIRVPEWSYIVERANPANDLCYPGTLNDYEELKHLLSRINHFEKTLIIPKSSWPNHETSLGVSAACPYQGVSSFFRNVVWLIKKNNAYPTIKISYNNTNREDLLVLWGIHHSNNAAEQTNLYKNPDTYVSVGTSTLNQRLVPKIATRSQVNGQRGRMDFFWTILKPNDAIHFESNGNFIAPEYAYKIVKKGDSTIMKSEVEYGHCNTKCQTPIGAINSSMPFHNIHPLTIGECPKYVKSNKLVLATGL
23,A/zj/s4143/2017,zj,s4143,2017,DQICIGYHANNSTEQVDTIMEKNVTVTHAQDILEKTHNGKLCDLNGVKPLILKDCSVAGWLLGNPMCDEFIRVPEWSYIVERANPANDLCYPGSLNDYEELKHLLSRINHFEKILIIPKSSWPNHETSLGVSAACPYQGTPSFFRNVVWLIKKNDAYPTIKISYNNTNREDLLILWGIHHSNNAEEQTNLYKNPTTYISVGTSTLNQRLVPKIATRSQVNGQRGRMDFFWTILKPNDAIHFESNGNFIAPEYAYKIVKKGDSTIMKSEVEYGHCNTKCQTPVGAINSSMPFHNIHPLTIGECPKYVKSNKLVLATGL
24,A/ah/39/2004,ah,39,2004,DQICIGYHANNSTEQVDTIMEKNVTVTHAQDILEKTHNGKLCDLNGVKPLILKDCSVAGWLLGNPMCDEFISVPEWSYIVERANPANDLCYPGNLNDYEELKHLLSRINHFEKTQIIPKRSWSNH-TSSGVSAACPYQGVASFFRNVVWLTKKNDAYPTIKMSYNNTNKEDLLILWGIHHSNSAEEQINLYKNPTTYVSVGTSTLNQRLVPKIATRSQVNGQRGRMDFFWTILRPSDAIHFESNGNFIAPEYAYKIIKTGDSTIMKSELEYGNCNTKCQTPIGAINSSMPFHNIHPLTIGECPKYVKSNKLVLATGL
25,A/ah/s1246/2015,ah,s1246,2015,DHICIGYHANNSTEQVDTIMEKNVTVTHAQDILEKTHNGKLCDLNGVKPLILKDCSVAGWLLGNPWCDEFINVPEWSYIVEKANPVNGLCYPGNFNDYEELKHLLSRINHFEKIQIIPKDSWSNHEASKGVSAACSYKGKSSFFRNVVWLIKKNDTYPTIKKYYNNTNREDLLVLWGIHHPNDKAEQITLYQNPTTYISIGTSTLNQRLVPKIATRSKINGQSGRIDFFWTILKPNDAIHFESNGNFIAPEYAYKIVKKGDSTIMRSEVEYGNCNTRCQTPVGAINSSMPFHNIHPLTIGECPKYVKSNKLVLATGL
26,A/gd/10/2015,gd,10,2015,DQICIGYHANNSTEQVDTIMEKNVTVTHAQDILEKTHNGRLCDLNGVKPLILKDCSVAGWLLGNPMCDEFIRVPEWSYIVERANPSNDLCYPGNLNDYEELKHLLSRINHFEKTLIIPKSSWPNHETSLGVSAACPYQGMPSFFRNVVWLTKKNDAYPTIKMSYNNTNSEDLLILWGIHHSNNAAEQTNLYKNPTTYVSVGTSTLNQRLVPKIATRSQVNGQRGRMDFFWTILKPNDAIHFESNGNFIAPEYAYKIVKKGDSTIMKSEMEYGHCNTKCQTPIGAINSSMPFHNIHPLTIGECPKYVKSNKLVLATGL
27,A/gs/44/2004,gs,44,2004,DQICIGYHANNSTEQVDTIMEKNVTVTHAQDILEKTHNGKLCDLNGVKPLILKDCSVAGWLLGNPMCDGFISVPEWSYIVERANPANDLCYPGNLNDYEELKHLLSRINHFEKTQIIPKRSWSNH-TSSGVSAACPYQGVASFFRNVVWLTKKNDAYPTIKMSYNNTNKEDLLILWGIHHSNSAEEQINLYKNPTTYVSVGTSTLNQRLVPKIATRSQVNGQRGRMDFFWTILRPSDAIHFESNGNFIAPEYAYKIIKTGDSTIMKSELEYGNCNTKCQTPIGAINSSMPFHNIHPLTIGECPKYVKSNKLVLATGL
28,A/gs/8/2016,gs,8,2016,DQICIGYHANNSTEQVDTIMEKNVTVTHAQDILEKTHNGKLCDLNGVKPLILKDCSVAGWLLGNPMCDEFIRVPEWSYIVERANPVNDLCYPGSLNDYEELKHLLSRINHFEKILIIPKSSWPNHETSLGVSAACPYQGTPSFFRNVVWLIKKNDAYPTIKISYNNTNREDLLILWGIHHSNNAEEQTNLYKNPTTYISVGTSTLNQRLVPKIATRSQVNGQRGRMDFFWTILKPNDAIHFESNGNFIAPEYAYKIVKKGDSTIMKSEVEYGHCNTKCQTPVGAINSSMPFHNIHPLTIGECPKYVKSNKLVLATGL
29,A/gs/js/2015,gs,js,2015,DQICIGYHANNSTEQVDTIMEKNVTVTHAQDILEKTHNGRLCDLNGVKPLILKDCSVAGWLLGNPMCDEFIRVPEWSYIVERANPSNDLCYPGNLNDYEELKHLLSRINHFEKTLIIPKSSWPNHETSLGVSAACPYQGMPSFFRNVVWLTKKNDAYPTIKMSYNNTNSEDLLILWGIHHSNNAAEQTNLYKNPTTYVSVGTSTLNQRLVPKIATRSQVNGQRGRMDFFWTILKPNDAIHFESNGNFIAPEYAYKIVKKGDSTIMKSEMEYGHCNTKCQTPIGAINSSMPFHNIHPLTIGECPKYVKSNKLVLATGL
30,A/gz/2/2014,gz,2,2014,DQICIGYHANNSTEQVDTIMEKNVTVTHAQDILEKAHNGKLCDLNGVKPLILKNCSVAGWLLGNPMCDEFISVPEWSYIVERANPANDLCYPGNLNDYEELKHLLSRINHFEKTQIIPKRSWSNH-TSSGVSAACPYTGVASFFRNVVWLTKKNDAYPTIKKSYNNTNKEDLLILWGIHHSNSAEEQADLYKNPTTYVSVGTSTLNQRLVPKIATRSQVNGQRGRMDFFWTILRPNDAIHFESNGNFIAPEYAYKIIKTGDSTIMKSEIEYGNCNTKCQTPIGAINSSMPFHNIHPLTIGECPKYVKSNKLVLATGL
31,A/gz/3/2018,gz,3,2018,DQICIGYHANNSTEQVDTIMEKNVTVTHAQDILEKTHNGKLCDLDGVKPLILKDCSVAGWLLGNPMCGVFINVPEWSYIVEKANPANDLCYPGNFNDYEELKHLLSRINHFEKIQIIPKSSWSDHEASSGVSSACPYQGTPSFFRNVVWLIKKNNTYPTIKRSYNNTNQEDLLILWGIHHSNDAAEQTRLYQNPTTYISVGTSTLNQRLVPKIATRSKVNGQSGRMDFFWTILKPNDAINFESNGNFIAPEYAYKIVKKGDSAIMKSEVEYGNCNTKCQTPIGAINSSMPFHNIHPLTIGECPKYVKSNKLVLATGL
32,A/gz/4/2018,gz,4,2018,DQICIGYHANNSTEQVDTIMEKNVTVTHAQDILEKTHNGKLCDLDGVKPLILRDCSVAGWLLGNPMCDEFINVPEWSYIVEKASPAHDLCYSGDFNDLEELKHLLSRINHFEKIQIIPKSSWSNHEASSGVSSACPYLGKPSFFRNVVWLIKKNNTYPTIKRSYNNTNQEDLLVLWGIHHPNDAAEQTKLYQNPTTYISVGTSTLNQRLVPKIATRSKVNGQSGRMEFFWTILKPNDAINFESNGNFIAPEYAYKIVKKGDSAIMKSELEYGNCNTKCQTPMGAINSSMPFHNIHPLTIGECPKYVKSNRLVLATGL
33,A/gz/5/2018,gz,5,2018,DQICIGYHANNSTEQVDTIMEKNVTVTHAQDILEKTHNGKLCDLDGVKPLILRDCSVAGWLLGNPMCDEFINVPEWSYIVEKASPANDLCYPGDFNDYEELKHLLSRINHFEKIQIIPKSSWSNHEASSGVSSACPYLGKPSFFRNVVWLIKKNNTYPTIKRSYNNTNQEDLLVLWGIHHPNDAAEQTKLYQNPTTYISVGTSTLNQRLVPKIATRSKVNGQSGRMEFFWTILKPNDAINFESNGNFIAPEYAYKIVKKGDSAIMKSELEYGNCNTKCQTPMGAINSSMPFHNIHPLTIGECPKYVKSNRLVLATGL
34,A/gz/6/2018,gz,6,2018,DQICIGYHANNSTEQVDTIMEKNVTVTHAQDILEKTHNGKLCDLDGVKPLILRDCSVAGWLLGNPMCDEFINVPEWSYIVEKANPANDLCYPGNFNDYEELKHLLSRINHFEKIQIIPKSSWSDHEASSGVSSACPYQGTPSFFRNVVWLIKKNNTYPTIKKSYNNTNKENLLILWGIHHPNDAAEQIKLYQNPTTYISVGTSTLNQRLVPKIATRSKVNGQSGRMDFFWTILKPNDAINFESNGNFIAPEYAYKIVKEGDSAIMKSEVEYGNCNTKCQTPIGAINSSMPFHNIHPLTIGECPKYVKSNKLVLATGL
35,A/gz/7/2008,gz,7,2008,DQICIGYHANNSTEQVDTIMEKNVTVTHAQDILEKTHNGKLCDLNGVKPLILKDCSVAGWLLGNPMCDEFISVPEWSYIVERANPANDLCYPGNLNDYEELKHLLSRINHFEKTQIIPKRSWSNH-TSSGVSAACLYQGVASFFRNVVWLTKKNDAYPTIKMSYNNTNEEDLLILWGIHHSNSAEEQTNLYKNPTTYVSVGTSTLNQRLVPKIATRSQVNGQRGRMDFFWTILRPNDAIHFESNGNFIAPEYAYKIIKTGDSTIMKSEIGYGNCNTKCQTPIGAINSSMPFHNIHPLTIGECPKYVKSNKLVLATGL
36,A/hen/1/2015,hen,1,2015,DQICIGYHANNSTEQVDTIMEKNVTVTHAQDILEKAHNGKLCDLNGVKPLILKNCSVAGWLLGNPMCDEFISVPEWSYIVERANPANDLCYPGNLNDYEELKHLLSRINHFEKTQIIPKRSWSNH-TSSGVSAACPYTGVASFFRNVVWLTKKNDAYPTIKKSYNNTNKEDLLILWGIHHSNSAEEQADLYKNPTTYISVGTSTLNQRLVPKIATRSQVNGQRGRMDFFWTILRPNDAIHFESNGNFIAPEYAYKIIKTGDSTIMKSEIEYGNCNTKCQTPIGAINSSMPFHNIHPLTIGECPKYVKSNKLVLATGL
37,A/hen/a7/2006,hen,a7,2006,DQICIGYHANNSTEQVDTIMEKNVTVTHAQDILEKTHNGKLCDLNGVKPLILKDCSVAGWLLGNPMCDGFISVPEWSYIVERANPANDLCYPGNFNDYEELKHLLSRINHFEKTQIIPKRSWSNH-TSSGVSAACPYQGVASFFRNVVWLTKKNDAYPTIKMSYNNTNKEDLLILWGIHHSNSAEEQTNLYKNPTTYVSVGTSTLNQRLVPKIATRSQVNGQCGRMDFFWTILRPNDAIHFESNGNFIAPEYAYKIIKTGDSTIMKSEMEYGNCNTKCQTPIGAINSSMPFHNIHPLTIGECPKYVKSNKLVLATGL
38,A/hlj/4/2014,hlj,4,2014,DQICIGYHANNSTEQVDTIMEKNVTVTHAQDILEKTHNGKLCDLNGVKPLVLKNCSVAGWLLGNPMCDEFISVPEWSYIVERANPANDLCYPGNLNDYEELKHLLFRINHFEKTQIIPKRSWSNH-TSSGVSAACPYQGVASFFRNVVWLTKKNDAYPTIKMSYNNTNKEDLLILWGIHHSNSAEEQTDLYKNPTTYVSVGTSTLNQRLVPKIATRSQVNGQRGRMDFFWTILRPNDAIHFESNGNFIAPEYAYKIIKTGDSTIMKSEIEYGNCNTKCQTPIGAINSSMPFHNIHPLTIGECPKYVKSNKLVLATGL
39,A/hub/2/2013,hub,2,2013,DQICIGYHANNSTKQVDTIMEKNVTVTHAQDILEKTHNGKLCDLNGVKPLILKDCSVAGWLLGNPMCDEFIRVPEWSYIVERANPANDLCYPGTLNDYEELKHLLSRINHFEKTLIIPKSSWPNHETSLGVSAACPYQGASSFFRNVVWLIKKNDAYPTIKISYNNTNREDLLILWGIHHSNNAAEQTNLYKNPDTYVSVGTSTLNQRLVPKIATRSQVNGQRGRMDFFWTILKPNDAIHFESNGNFIAPEYAYKIVKKGDSTIMKSEVEYGHCNTKCQTPIGAINSSMPFHNIHPLTIGECPKYVKSNKLVLATGL
40,A/hub/3/2017,hub,3,2017,DQICIGYHANNSTEQVDTIMEKNVTVTHAQDILEKTHNGKLCDLDGVKPLILRDCSVAGWLLGNPMCDEFINVPEWSYIVEKANPANDLCYPGNFNDYEELKHLLSRINHFEKIRIIPKSSWSDHEASSGVSSACPYQGKSSFFRNVVWLIKKNNAYPTIKRSYNNTNQEDLLVLWGIHHPNDAAEQTKLYQNPTTYISVGTSTLNQRLVPKIATRSKVNGQSGRMDFFWTILKPNDAINFESNGNFIAPEYAYKIVKKGDSAIMKSEVEYGNCNTKCQTPMGAINSSMPFHNIHPLTIGECPKYVKSNKLVLATGL
41,A/hub/4/2017,hub,4,2017,DQICIGYHANNSTEQVDTIMEKNVTVTHAQDILEKTHNGKLCDLDGVKPLILRDCSVAGWLLGNPMCDEFINVPEWSYIVEKANPANDLCYPGNFNDYEELKHLLSRINHFEKIQIIPKNSWSDHEASSGVSSACPYQGTPSFFRNVVWLIKKNNTYPTIKRSYNNTNQEDLLVLWGIHHSNDATEQTKLYQNPTTYISVGTSTLNQRLVPKIATRSKVNGQSGRMDFFWTILKPNDAINFESNGNFIAPEYAYKIVKKGDSAIMKSEVEYGNCNTKCQTPIGAINSSMPFHNIHPLTIGECPKYVKSNKLVLATGL
42,A/hub/9/2016,hub,9,2016,DQICIGYHANNSTEQVDTIMEKNVTVTHAQDILEKTHNGKLCDLNGVKPLILKDCSVAGWLLGNPMCDEFIRVPEWSYIVERANPVNDLCYPGSLNDYEELKHLLSRINHFEKILIIPKSSWPNHETSLGVSAACPYQGTPSFFRNVVWLIKKNDAYPTIKISYNNTNREDLLILWGIHHSNNAEEQTNLYKNPTTYISVGTSTLNQRLVPKIATRSQVNGQRGRMDFFWTILKPNDAIHFESNGNFIAPEYAYKIVKKGDSTIMKSEVEYGHCNTKCQTPVGAINSSMPFHNIHPLTIGECPKYVKSNKLVLATGL
43,A/hun/10/2015,hun,10,2015,DQICIGYHANNSTEQVDTIMEKNVTVTHAQDILEKTHNGRLCDLNGVKPLILKDCSVAGWLLGNPMCDEFIRVPEWSYIVERANPANDLCYPGNLNDYEELKHLLSRINHFEKTLIIPKSSWPNHETSLGVSAACPYQGMPSFFRNVVWLTKKNDAYPTIKMSYNNTNGEDLLILWGIHHPNNEAEQASIYKNPTTYVSVGTSTLNQRLVPKIATRSQVNGQRGRMDFFWTILKSNDAIHFESNGNFIAPEYAYKIVKKGDSTIMKSEIEYGYCNTKCQTPIGAINSSMPFHNIHPLTIGECPKYVKSNKLVLATGL
44,A/hun/11/2015,hun,11,2015,DQICIGYHANNSTEQVDTIMEKNVTVTHAQDILEKTHNGRLCDLNGVKPLILKDCSVAGWLLGNPMCDEFIRVPEWSYIVERANPANDLCYPGNLNDYEELKHLLSRINHFEKTLIIPKSSWPNHETSLGVSAACPYQGMPSFFRNVVWLTKKNDAYPTIKMSYNNTNREDLLILWGIHHPNNEAEQASIYKNPTTYVSVGTSTLNQRLVPKIATRSQVNGQRGRMDFFWTILKSNDAIHFESNGNFIAPEYAYKIVKKGDSTIMKSEMEYGHCNTKCQTPIGAINSSMPFHNIHPLTIGECPKYVKSNKLVLATGL
45,A/hun/12/2015,hun,12,2015,DQICIGYHANNSTEQVDTIMEKNVTVTHAQDILEKTHNGRLCDLNGVKPLILKDCSVAGWLLGNPMCDEFIRVPEWSYIVERANPANDLCYPGNLNDYEELKHLLSRINHFEKTLIIPKSSWPNHETSLGVSAACPYQGVPSFFRNVVWLTKKNDAYPTIKVSYNNTNREDLLILWGIHHSNNAAEQTNLYKNPTTYVSVGTSTLNQRLVPKIATRSQVNGQRGRMDFFWTILKPNDAIHFESNGNFIAPEYAYKIVKTGDSTIMKSEMEYGHCNTKCQTPIGAINSSMPFHNIHPLTIGECPKYVKSNKLVLATGL
46,A/hun/13/2015,hun,13,2015,DQICIGYHANNSTEQVDTIMEKNVTVTHAQDILEKTHNGRLCDLNGVKPLILKDCSVAGWLLGNPMCDEFIRVPEWSYIVERANPANDICYPGNLNDYEELKHLLSRINHFEKTLIIPKSSWPNHETSLGVSAACPYQGMPSFFRNVVWLTKKNDAYPTIKMSYNNTNREDLLILWGIHHSNNAAEQTNLYKNPTTYVSVGTSTLNQRLVPKIATRSQVNGQRGRMDFFWTILKPNDAIHFESNGNFIAPEYAYKIVKKGDSTIMKSEMEYGHCNTKCQTPIGAINSSMPFHNIHPLTIGECPKYVKSNKLVLATGL
47,A/hun/2/2015,hun,2,2015,DQICIGYHANNSTEQVDTIMEKNVTVTHAQDILEKTHNGRLCDLNGVKPLILKDCSVAGWLLGNPMCDEFIRVPEWSYIVERANPSNDLCYPGNLNDYEELKHLLSRINHFEKTLIIPKSSWPNHETSLGVSAACPYQGMPSFFRNVVWLTKKNDAYPTIKMSYNNTNSEDLLILWGIHHSNNAAEQTNLYKNPTTYVSVGTSTLNQRLVPKIATRSQVNGQRGRMDFFWTILKPNDAIHFESNGNFIAPEYAYKIVKKGDSTIMKSEMEYGHCNTKCQTPIGAINSSMPFHNIHPLTIGECPKYVKSNKLVLATGL
48,A/hun/2/2016,hun,2,2016,DQICIGYHANNSTEQVDTIMEKNVTVTHAQDILEKTHNGRLCDLNGVKPLILKDCSVAGWLLGNPMCDEFIRVPEWSYIVERANPPNDLCYPGNLNDYEELKHLLSRINHFEKTLIIPKSSWPNHETSLGVSAACPYQGVPSFFRNVVWLIKKNDAYPTIKMSYNNTNSEDLLILWGIHHSNNAAEQTDLYKNPTTYVSVGTSTLNQRLVPKIATRSQVNGQRGRMDFFWTILKPNDAIHFESNGNFIAPEYAYKIVKKGDSTIMKSEMEYGHCNTKCQTPIGAINSSMPFHNIHPLTIGECPKYVKSNKLVLATGL
49,A/hun/3/2016,hun,3,2016,DQICIGYHANNSTEQVDTIMEKNVTVTHAQDILEKTHNGKLCDLNGVKPLILKDCSVAGWLLGNPMCDEFIRVPEWSYIVERANPANDLCYPGNLNDYEELKHLLSRINHFEKTLIIPKSSWPNH-TSSGVSAACPYLGKPSFFRNVVWLTKKNDAYPTIKMSYNNTNREDLLMLWGIHHSNNAEEQTNLYKNPTTYVSVGTSTLNQRVVPKITTRSQVNGQSGRMDFFWTILKPDDAIHFESNGNFIAPEYAYKIVKKGDSTIMKSEMEYGNCNTKCQTPIGAINSSMPFHNIHPLTIGECPKYVKSNKLVLATGL
50,A/hun/4/2015,hun,4,2015,DQICIGYHANNSTEQVDTIMEKNVTVTHAQDILEKTHNGRLCDLNGVKPLILKDCSVAGWLLGNPMCDEFIRVPEWSYIVERANPANDLCYPGNLNDYEELKHLLSRINHFEKTLIIPKSSWPNHETSLGVSAACPYQGMPSFFRNVVWLTKKNDAYPTIKMSYNNTNREDLLILWGIHHPNNEAEQASIYKNPTTYVSVGTSTLNQRLVPKIATRSQVNGQRGRMDFFWTILKSNDAIHFESNGNFIAPEYAYKIVKKGDSTIMKSEIEYGYCNTKCQTPIGAINSSMPFHNIHPLTIGECPKYVKSNKLVLATGL
51,A/hun/7/2018,hun,7,2018,DQICIGYHANNSTEQVDTIMEKNVTVTHAQDILEKTHNGKLCDLNGVKPLVLKNCSVAGWLLGNPMCDEFISVPEWSYIVERANPANDLCYPGNLNDYEELKHLLSRINHFEKTQIIPKRSWSNH-TSSGVSAACPYQGVASFFRNVVWLTKKNDAYPTIKMSYNNTNKEDLLILWGIHHSNSAEEQTDLYKNPTTYVSVGTSTLNQRLVPKIATRSQVNGQRGRMDFFWTILRPNDAIHFESNGNFIAPEYAYKIIKTGDSTIMKSEIEYGNCNTKCQTPIGAINSSMPFHNIHPLTIGECPKYVKSNKLVLATGL
52,A/hun/7-d/2018,hun,7-d,2018,DQICIGYHANNSTEQVDTIMEKNVTVTHAQDILEKTHNGKLCDLDGVKPLILRDCSVAGWLLGNPMCDEFLNVPEWSYIVEKINPANDLCYPGNFNDYEELKHLLSRINHFEKIQIIPKSSWSDHEASSGVSSACPYQGRSSFFRNVVWLIKKDNAYPTIKRSYNNTNQEDLLVLWGIHHPNDAAEQTRLYQNPTTYISVGTSTLNQRLIPKIATRSKVNGQSGRMEFFWTILKPNDAINFESNGNFIAPENAYKIVKKGDSTIMKSELEYGNCNTKCQTPIGAINSSMPFHNIHPLTIGECPKYVKSNRLVLATGL
53,A/im/2/2015,im,2,2015,DQICIGYHANNSTEQVDTIMEKNVTVTHAQDILEKTHNGKLCDLNGVKPLILKNCSVAGWLLGNPMCDEFISVPEWSYIVERANPANDLCYPGNLNDYEELKHLLSRINHFEKTQIIPKRSWSNH-TSSGVSAACPYTGVASFFRNVVWLTKKNDAYPTIKKSYNNTNKEDLLILWGIHHSNSAEEQADLYKNPTTYVSVGTSTLNQRLVPKIATRSQVNGQRGRMDFFWTILRPNDAIHFESNGNFIAPEYAYKIIKTGDSTIMKSEIEYGNCNTKCQTPIGAINSSMPFHNIHPLTIGECPKYVKSNKLVLATGL
54,A/js/4/2015,js,4,2015,DQICIGYHANNSTEQVDTIMEKNVTVTHAQDILEKTHNGRLCDLNGVKPLILKDCSVAGWLLGNPMCDEFIRVPEWSYIVERTNPANDLCYPGNLNDYEELKHLLSRINHFEKTLIIPKSSWPNHETSLGVSAACPYQGVPSFFRNVVWLTKKNDTYPTIKGSYNNTNREDLLILWGIHHSNNAAEQTNLYKNPTTYVSVGTSTLNQRLVPKIATRSQVNGQRGRMDFFWTILKPNDAIHFESNGNFIAPEYAYKIVKKGDSTIMKSEMEYGHCNTKCQTPIGAINSSMPFHNIHPLTIGECPKYVKSNKLVLATGL
55,A/js/5/2015,js,5,2015,DQICIGYHANNSTEQVDTIMEKNVTVTHAQDILEKTHNGRLCDLNGVKPLILKDCSVAGWLLGNPMCDEFIRVPEWSYIVERANPSNDLCYPGNLNDYEELKHLLFRINHFEKTLIIPKSSWPDHDTSLGVSAACPYQGMPSFFRNVVWLIKKNDTYPTIKMSYNNTNREDLLILWGIHHSNNAAEQTNLYKNPTTYVSVGTSTLNQRLVPKIATRSQVNGQRGRMDFFWTILKPNDAIHFESNGNFIAPEYAYKIVKKGDSTIMKSEMEYGHCNTKCQTPIGAINSSMPFHNIHPLTIGECPKYVKSNKLVLATGL
56,A/js/6/2015,js,6,2015,DQICIGYHANNSTEQIDTIMEKNVTVTHAQDILEKTHNGRLCDLNGVKPLILKDCSVAGWLLGNPMCDEFIRVPEWSYIVERANPSNDLCYPGNLNDYEELKHLLSRINHFEKTLIIPKSSWPDHETSLGVSAACPYLGMPSFFRNVVWLIKKNDTYPTIKMRYNNTNREDLLILWGIHHSNNAAEQANLYKNPTTYVSVGTSTLNQRLVPKIATRSQVNGQRGRMDFFWTILKPNDAIHFESNGNFIAPEYAYKIVKKGDSTIMKSEMEYGHCNTKCQTPIGAINSSMPFHNIHPLTIGECPKYVKSNKLVLATGL
57,A/js/7/2015,js,7,2015,DQICIGYHANNSTEQVDTIMEKNVTVTHAQDILEKTHNGKLCDLNGVKPLILKDCSVAGWLLGNPMCDEFIRVPEWSYIVERANPANDLCYPGNLNDYEELKHLLSRINHFEKTLIIPKSSWPNHETSLGVSAACPYQGMPSFFRNVVWLTKKNDAYPTIKMSYNNTNREDLLILWGIHHSNNAAEQTNLYKNPTTYVSVGTSTLNQRLVPKIATRSQVNGQRGRMDFFWTILKPNDAIHFESNGNFIAPEYAYKIVKKGDSTIMKSEMEYGHCNTKCQTPIGAINSSMPFHNIHPLTIGECPKYVKSNKLVLATGL
58,A/js/8/2015,js,8,2015,DQICIGYHANNSTEQVDTIMEKNVTVTHAQDILEKTHNGKLCDLNGVKPLILKDCSVAGWLLGNPMCDEFIRVPEWSYIVERANPANDLCYPGNLNDYEELKHLLSRINHFEKTLIIPKSSWPNHETSLGVSAACPYQGMPSFFRNVVWLTKKNDTYPTIKMSYNNTNREDLLILWGIHHSNNAAEQTNLYKNPTTYVSVGTSTLNQRLVPKIATRSQVNGQRGRMDFFWTILKPNDAIHFESNGNFIAPEYAYKIVKKGDSTIMKSEMEYGHCNTKCQTPIGAINSSMPFHNIHPLTIGECPKYVKSNKLVLATGL
59,A/js/9/2015,js,9,2015,DQICIGYHANNSTEQVDTIMEKNVTVTHAQDILEKTHNGRLCDLNGVKPLILKDCSVAGWLLGNPMCDEFIRVPEWSYIVERANPANDLCYPGNLNDYEELKHLLSRINHFEKTLIIPKSSWPNHETSLGVSAACPYQGMPSFFRNVVWLTKKNDAYPTIKMSYNNTNREDLLILWGIHHPNNEAEQASIYKNPTTYVSVGTSTLNQRLVPKIATRSQVNGQRGRMDFFWTILKSNDAIHFESNGNFIAPEYAYKIVKKGDSTIMKSEIEYGYCNTKCQTPIGAINSSMPFHNIHPLTIGECPKYVKSNKLVLATGL
60,A/qh/1-hvri/2006,qh,1-hvri,2006,DHICIGYHANNSTEQVDTIMEKNVTVTHAQDILEKTHNGKLCDLNGVKPLILKDCSVAGWLLGNPWCDEFINVPEWSYIVEKANPVNGLCYPGNFNDYEELKHLLSRINHFEKIQIIPKNSWSNHEASMGVSAACSYQGKSSFFRNVVWLIKKNDTYPTIKKDYNNTNREDLLVLWGIHHPNDKAEQIALYQNPTTYISIGTSTLNQRLVPKIATRSKINGQSGRIDFFWTILKPNDAIHFESNGNFIAPEYAYKIVKKGDSTIMRSEVEYGNCNTRCQTPVGAINSSMPFHNIHPLTIGECPKYVKSNKLVLATGL
61,A/qh/3/2005,qh,3,2005,DQICIGYHANNSTEQVDTIMEKNVTVTHAQDILEKTHNGKLCDLDGVKPLILRDCSVAGWLLGNPMCDEFLNVPEWSYIVEKINPANDLCYPGNFNDYEELKHLLSRINHFEKIQIIPKSSWSDHEASSGVSSACPYQGRSSFFRNVVWLIKKNNAYPTIKRSYNNTNQEDLLVLWGIHHPNDAAEQTRLYQNPTTYISVGTSTLNQRLVPKIATRSKVNGQSGRMEFFWTILKPNDAINFESNGNFIAPENAYKIVKKGDSTIMKSELEYGNCNTKCQTPIGAINSSMPFHNIHPLTIGECPKYVKSNRLILATGL
62,A/sd/a-1/2009,sd,a-1,2009,DQICIGYHANNSTEQVDTIMEKNVTVTHAQDILEKTHNGKLCDLNGVKPLILKDCSVAGWLLGNPMCDGFISVPEWSYIVERANPANDLCYPGNLNDYEELKHLLSRINHFEKTQIIPKRSWSNH-TSSGVSAACIYQGVASFFRNVVWLTKKNDAYPTIKMSYNNTNEEDLLILWGIHHSNSAEEQANLYKNPTTYVSVGTSTLNQRLVPKIATRSQVNGQRGRMDFFWTILRPNDAIHFESNGNFIAPEYAYKIIKTGDSTIMKSEIGYGNCNTKCQTPIGAINSSMPFHNIHPLTIGECPKYVKSNKLVLATGL
63,A/sx/6/2016,sx,6,2016,DQICIGYHANNSTEQVDTIMEKNVTVTHAQDILEKTHNGKLCDLNGVKPLILKDCSVAGWLLGNPMCDEFIRVPEWSYIVERANPANDLCYPGSLNDYEELKHLLSRINHFEKILIIPKSSWPNHETSLGVSAACPYQGTPSFFRNVVWLIKKNDAYPTIKISYNNTNREDLLILWGIHHSNDAEEQTNLYKNPTTYISVGTSTLNQRLVPKIATRSQVNGQRGRMDFFWTILKPNDAIHFESNGNFIAPEYAYKIVKKGDSTIMKSEVEYGHCNTKCQTPVGAINSSMPFHNIHPLTIGECPKYVKSNKLVLATGL
64,A/sx/7/2016,sx,7,2016,DQICIGYHANNSTEQVDTIMEKNVTVTHAQDILEKTHNGKLCDLNGVKPLILKDCSVAGWLLGNPMCDEFIRVPEWSYIVERANPANDLCYPGSLNDYEELKHLLSRINHFEKILIIPKSSWPNHETSLGVSAACPYQGTPSFFRNVVWLIKKNDAYPTIKISYNNTNREDLLILWGIHHSNNAEEQTNLYKNPTTYISVGTSTLNQRLVPKIATRSQVNGQRGRMDFFWTILKPNDAIHFESNGNFIAPEYAYKIVKKGDSTIMKSEVEYGHCNTKCQTPVGAINSSMPFHNIHPLTIGECPKYVKSNKLVLATGL
65,A/tb/12/2006,tb,12,2006,DHICIGYHANNSTEQVDTIMEKNVTVTHAQDILEKTHNGKLCDLNGVKPLILKDCSVAGWLLGNPWCDEFINVPEWYYIVEKANPVNGLCYPGNFNDYEELKHLLSRINHFEKIQIIPKNSWSNHEASMGVSAACSYQGKSSFFRNVVWLIKKNDTYPTIKKDYNNTNREDLLVLWGIHHPNDKAEQIALYQNPTTYISIGTSTLNQRLVPKIATRSKINGQSGRIDFFWTILKPNDAIHFESNGNFIAPEYAYKIVKKGDSTIMRSEVEYGNCNTRCQTPVGAINSSMPFHNIHPLTIGECPKYVKSNKLVLATGL
66,A/tb/3/2015,tb,3,2015,DQICIGYHANNSTEQVDTIMEKNVTVTHAQDILEKAHNGKLCDLNGVKPLILKNCSVAGWLLGNPMCDEFISVPEWSYIVERANPANDLCYPGNLNDYEELKHLLSRINHFEKTQIIPKRSWPNH-TSSGVSAACPYTGVASFFINVVWLTKKNDAYPTIKKSYNNTNKEDLLILWGIHHSNSAEEQADLYKNPTTYVSVGTSTLNQRLVPKIATRSQVNGQRGRMDFFWTILRPNDAIHFESNGNFIAPEYAYKIIKTGDSTIMKSEIEYGNCNTKCQTPIGAINSSMPFHNIHPLTIGECPKYVKSNKLVLATGL
67,A/tb/4/2015,tb,4,2015,DQICIGYHANNSTEQVDTIMEKNVTVTHAQDILEKAHNGKLCDLNGVKPLILKNCSVAGWLLGNPMCDEFISVPEWSYIVERANPANDLCYPGNLNDYEELKHLLSRINHFEKTQIIPQRSWSNH-TSSGVSAACPYTGVASFFRNVVWLTKKNDAYPTIKKSYNNTNKEDLLILWGIHHSNSAEEQADLYKNPTTYISVGTSTLNQRLVPKIATRSQVNGQRGRMDFFWTILRPNDAIHFESNGNFIAPEYAYKIIKTGDSTIMKSEIEYGNCNTKCQTPIGAINSSMPFHNIHPLTIGECPKYVKSNKLVLATGL
68,A/ts/10/2018,ts,10,2018,DHICIGYHANNSTEQVDTIMEKNVTVTHAKDILEKTHNGKLCDLNGVKPLILKDCSVAGWLLGNPLCGEFTNVPEWSYIVEKANPVNDLCYPGNFNDYEELKHLLSRINHFEKIQIIPKDSWSDHEASLGVSAACSYQGNSSFFRNVVWLIKKDNAYPTIKKGYNNTNREDLLILWGIHHPNDEAEQTKLYQNPTTYISIGTSTLNQRLVPKIATRSKINGQSGRIDFFWTILKPNDAIHFESNGNFIAPEYAYKIIKKGDSTIMRSEVEYGNCNTRCQTPIGAINSSMPFHNIHPLTIGECPKYVKSNKLVLATGL
69,A/xj/11/2016,xj,11,2016,DQICIGYHANNSTKQVDTIMEKNVTVTHAQDILEKTHNGKLCDLNGVKPLILKDCSVAGWLLGNPMCDEFIRVPEWSYIVERANPANDLCYPGTLNDYEELKHLLSRINHFEKTLIIPKSSWPNHETSLGVSAACPYQGASSFFRNVVWLIKKNDAYPTIKISYNNTNREDLLILWGIHHSNNAAEQTNLYKNPDTYVSVGTSTLNQRLVPKIATRSQVNGQRGRMEFFWTILKPNDAIHFESNGNFIAPEYAYKIVKKGDSTIMKSEVEYGHCNTKCQTPIGAINSSMPFHNIHPLTIGECPKYVKSNKLVLATGL
70,A/xj/17/2005,xj,17,2005,DQICIGYHANNSTEQVDTIMEKNVTVTHAQDILEKTHNGKLCDLDGVKPLILRDCSVAGWLLGNPMCDEFINVPEWSYIVEKASPANDLCYPGDFNDYEELKHLLSRINHFEKIQIIPKSSWANHEASSGVSSACPYLGKPSFFRNVVWLIKKNNTYPTIKRSYNNTNQEDLLVLWGIHHPNDAAEQIKLYQNPTTYISVGTSTLNQRLVPKIATRSKVNGQSGRMEFFWTILKPNDAINFESNGNFIAPEYAYKIVKKGDSAIMRSELEYGNCNTKCQTPMGAINSSMPFHNIHPLTIGECPKYVKSNRLVLATGL
71,A/xj/3-1/2019,xj,3-1,2019,DHICIGYHANNSTEQVDTIMEKNVTVTHAQDILEKTHNGKLCDLNGVKPLILKDCSVAGWLLGNPWCDEFINVPEWSYIVEKANPVNGLCYPGNFNDYEELKHLLSRINHFEKIQIIPKNSWSNHEASMGVSAACSYQGKSSFFRNVVWLIKKNDTYPTIKKDYNNTNREDLLVLWGIHHPNDKAEQIALYQNPTTYISIGTSTLNQRLVPKIATRSKINGQSGRIDFFWTILKPNDAIHFESNGNFIAPEYAYKIVKKGDSTIMRSEVEYGNCNTRCQTPVGAINSSMPFHNIHPLTIGECPKYVKSNKLVLATGL
72,A/xj/3-2/2019,xj,3-2,2019,DHICIGYHANNSTEQVDTIMEKNVTVTHAQDILEKTHNGKLCDLNGVKPLILKDCSVAGWLLGNPWCDEFINVPEWSYIVEKANPVNGLCYPGNFNDYEELKHLLSRINHFEKIQIIPKNSWSNHEASMGVSAACSYQGKSSFFRNVVWLIKKNDTYPTIKKDYNNTNREDLLVLWGIHHPNDKAEQIALYQNPTTYISIGTSTLNQRLVPKIATRSKINGQSGRIDFFWTILKPNDAIHFESNGNFIAPEYAYKIVKKGDSTIMRSEVEYGNCNTRCQTPVGAINSSMPFHNIHPLTIGECPKYVKSNKLVLATGL
73,A/yn/1/2019,yn,1,2019,DHICIGYHANNSTEQVDTIMEKNVTVTHAQDILEKTHNGKLCDLNGVKPLILKDCSVAGWLLGNPLCSEFTNVPEWSYIVEKANPANDLCYPGNFNDYEELKHLLSRINHFEKIQIIPKDSWSDHEASLGVSAACSYQGNSSFFRNVVWLIKKDNAYPTIKKGYNNTNREDLLILWGIHHPNDEAEQTKLYQNPTTYISIGTSTLNQRLVPKIATRSKINGQSGRIDFFWTILKPNDAIHFESNGNFIAPEYAYKIIKKGDSTIMRSEVEYGNCNTRCQTPIGAINSSMPFHNIHPLTIGECPKYVKSNKLVLATGL
74,A/yn/1-2/2019,yn,1-2,2019,DHICIGYHANNSTEQVDTIMEKNVTVTHAQDILEKTHNGKLCDLNGVKPLILKDCSVAGWLLGNPLCSEFTNVPEWSYIVEKANPANDLCYPGNFNDYEELKHLLSRINHFEKIQIIPKDSWSDHEASLGVSAACSYQGNSSFFRNVVWLIKKDNAYPTIKKGYNNTNREDLLILWGIHHPNDEAEQTKLYQNPTTYISIGTSTLNQRLVPKIATRSKINGQSGRIDFFWTILKPNDAIHFESNGNFIAPEYAYKIIKKGDSTIMRSEVEYGNCNTRCQTPIGAINSSMPFHNIHPLTIGECPKYVKSNKLVLATGL
75,A/yn/8/2018,yn,8,2018,DQICIGYHANNSTEQVDTIMEKNITVTHAQDILEKTHNGKLCNLDGVKPLILKDCSVAGWLLGNPMCDEFLNVSEWSYIVEKASPANGLCYPGDFNDYEELKHLLSRINHFEKIKIIPKSSWSNHEASLGVSSACSYLGKPSFFRNLVWLIKKNNTYPPIKVNYTNTNQEDLLVLWGIHHPNDETEQIKIYQNPTTYISVGTSTLNQRLVPKIATRSKVNGQSGRMEFFWTILKPNDAINFDSNGNFIAPEYAYKIVKKGDSAIMKSELEYGNCNTKCQTPIGAINSSMPFHNIHPLTIGECPKYVKSNRLVLATGL
76,A/yn/9/2018,yn,9,2018,DHICIGYHANNSTEQVDTIMEKNVTVTHAKDILEKTHNGKLCDLNGVKPLILKDCSVAGWLLGNPLCGEFTNVPEWSYIVEKANPVNDLCYPGNFNDYEELKHLLSRINHFEKIQIIPKDSWSDHEASLGVSAACSYQGNSSFFRNVVWLIKKDNAYPTIKKGYNNTNREDLLILWGIHHPNDEAEQTKLYQNPTTYISIGTSTLNQRLVPKIATRSKINGQSGRIDFFWTILKPNDAIHFESNGNFIAPEYAYKIIKKGDSTIMRSEVEYGNCNTKCQTPIGAINSSMPFHNIHPLTIGECPKYVKSNKLVLATGL
